1,Joan,Redfern,joan.redfern@farringham.school,Nurse,1234,Farringham Road,Farringham,United Kingdom,SICKBAY,en_gb,OK
2,Timothy,Latimer,timothy.latimer@farringham.school,Student,1234,Farringham Road,Farringham,United Kingdom,BEER,en_gb,OK
3,Jeremy,Baines,jeremy.baines@farringham.school,Son,1234,Farringham Road,Farringham,United Kingdom,FAMILY;SON,en_gb, OK
4,Mister,Clark,mister.clark@oakham.farm,Father,1234,Oakham Farm,Farringham,United Kingdom,FAMILY;FATHER,en_gb,INCOMPLETE
5,Mister,Rocastle,headmaster@farringham.school,Headmaster,1234,Farringham Road,Farringham,United Kingdom,SCHOOL,en_gb,NOT_OK